Rk,Player,Pos,Age,Tm,G,GS,MP,FG,FGA,FG%,3P,3PA,3P%,2P,2PA,2P%,eFG%,FT,FTA,FT%,ORB,DRB,TRB,AST,STL,BLK,TOV,PF,PTS
1,James Harden\hardeja01,SG,30,HOU,23,23,37.7,10.3,24.0,.431,4.7,13.8,.338,5.7,10.2,.557,.528,12.6,14.3,.879,1.0,5.1,6.0,7.5,2.0,0.6,5.1,3.3,38.0
2,Giannis Antetokounmpo\antetgi01,PF,25,MIL,24,24,31.6,11.5,20.3,.564,1.6,5.0,.319,9.9,15.4,.642,.602,6.4,10.8,.588,2.7,10.5,13.2,5.5,1.3,1.3,3.8,3.2,30.9
3,Luka Dončić\doncilu01,PG,20,DAL,23,23,33.4,9.7,20.3,.476,3.0,9.5,.320,6.6,10.7,.615,.552,7.6,9.3,.814,1.3,8.5,9.8,9.2,1.3,0.1,4.6,2.4,30.0
4,Trae Young\youngtr01,PG,21,ATL,22,22,34.6,9.5,20.5,.462,3.5,8.9,.388,6.0,11.5,.520,.547,6.4,7.5,.860,0.5,3.6,4.1,8.4,1.3,0.0,4.9,1.3,28.8
5,Bradley Beal\bealbr01,SG,26,WAS,22,22,37.0,9.6,21.3,.453,2.6,7.7,.343,7.0,13.6,.515,.515,6.0,7.2,.836,1.0,3.5,4.5,7.0,1.0,0.2,3.5,2.7,28.0
6,Anthony Davis\davisan02,PF,26,LAL,23,23,34.4,9.7,19.0,.507,1.1,3.3,.333,8.6,15.8,.543,.535,7.3,8.3,.870,2.4,6.6,9.0,3.3,1.5,2.7,2.3,2.3,27.7
7,Damian Lillard\lillada01,PG,29,POR,22,22,36.9,8.3,18.7,.443,3.1,9.0,.350,5.1,9.7,.528,.527,7.0,7.7,.911,0.5,4.1,4.6,7.4,1.0,0.5,2.9,2.0,26.7
8,Karl-Anthony Towns\townska01,C,24,MIN,21,21,33.7,9.0,17.4,.516,3.6,8.4,.424,5.4,9.0,.603,.619,4.6,5.7,.800,2.6,9.1,11.7,4.5,1.0,1.4,3.0,3.4,26.1
9,LeBron James\jamesle01,PG,35,LAL,24,24,34.4,10.0,19.9,.501,2.2,6.0,.364,7.8,13.9,.560,.556,3.8,5.4,.705,1.0,5.9,6.8,10.8,1.3,0.5,3.7,1.8,25.9
10,Devin Booker\bookede01,SG,23,PHO,23,23,35.7,9.0,17.5,.514,2.3,5.7,.415,6.7,11.9,.560,.581,5.1,5.7,.908,0.6,3.3,3.9,6.3,0.6,0.3,3.9,3.1,25.5
11,Kawhi Leonard\leonaka01,SF,28,LAC,18,18,31.1,8.9,20.0,.447,1.7,5.1,.330,7.3,14.9,.487,.489,5.5,6.4,.853,1.1,6.8,7.9,5.2,1.9,0.8,3.4,2.0,25.1
12,Brandon Ingram\ingrabr01,PF,22,NOP,20,20,33.7,9.0,18.1,.494,2.3,5.5,.418,6.7,12.6,.528,.558,4.7,5.6,.839,0.8,6.2,7.0,4.0,0.8,0.9,2.9,3.0,24.9
13,Donovan Mitchell\mitchdo01,SG,23,UTA,24,24,34.6,9.0,20.7,.438,2.3,6.2,.362,6.8,14.5,.470,.492,4.3,5.2,.839,0.9,3.9,4.8,3.6,1.3,0.3,2.4,2.2,24.7
14,Pascal Siakam\siakapa01,PF,25,TOR,23,23,36.9,9.2,20.0,.458,2.3,6.2,.364,6.9,13.8,.500,.514,3.9,4.8,.811,1.6,6.9,8.4,3.6,0.9,0.7,2.7,2.7,24.5
15,Andrew Wiggins\wiggian01,SF,24,MIN,19,19,34.6,9.2,20.2,.453,2.2,6.5,.333,7.0,13.7,.510,.507,4.0,5.5,.724,1.2,3.9,5.2,3.4,0.6,1.3,1.9,2.4,24.5
16,Russell Westbrook\westbru01,PG,31,HOU,21,21,34.4,8.3,19.8,.421,1.2,5.2,.229,7.1,14.6,.489,.451,4.6,6.1,.744,1.6,6.5,8.1,7.5,1.6,0.4,4.6,4.0,22.4
17,Zach LaVine\lavinza01,SG,24,CHI,25,25,32.8,7.6,17.8,.425,3.0,7.5,.396,4.6,10.3,.446,.508,4.2,5.2,.800,0.7,3.8,4.5,4.0,1.2,0.5,3.4,2.5,22.2
18,CJ McCollum\mccolcj01,SG,28,POR,24,24,36.4,8.8,19.8,.447,2.6,6.8,.387,6.2,13.0,.479,.514,1.7,2.1,.804,0.8,3.6,4.5,3.8,0.8,0.9,1.9,2.8,22.0
19,Joel Embiid\embiijo01,C,25,PHI,19,19,30.4,7.0,15.3,.459,1.1,3.5,.313,5.9,11.7,.502,.495,6.8,8.5,.807,2.5,9.9,12.5,2.9,0.9,1.4,3.4,3.5,21.9
20,Kemba Walker\walkeke02,PG,29,BOS,21,21,32.0,7.1,17.0,.420,3.6,8.9,.403,3.6,8.1,.439,.525,4.0,4.3,.912,1.0,3.4,4.4,5.1,1.0,0.6,2.2,1.7,21.8
21,DeMar DeRozan\derozde01,SF,30,SAS,23,23,34.2,8.2,16.2,.508,0.2,0.6,.357,8.0,15.6,.514,.515,4.7,5.8,.813,0.5,5.1,5.7,4.8,1.0,0.5,2.6,2.9,21.4
22,Buddy Hield\hieldbu01,SG,27,SAC,23,23,34.3,7.8,18.4,.423,3.9,10.4,.372,3.9,8.0,.489,.528,2.0,2.3,.852,1.0,3.8,4.8,2.7,0.8,0.4,2.6,2.6,21.4
23,Jayson Tatum\tatumja01,PF,21,BOS,22,22,34.1,7.6,18.4,.415,2.5,6.8,.369,5.1,11.6,.441,.483,3.3,4.0,.820,1.2,6.0,7.2,2.8,1.5,0.8,2.2,2.2,21.1
24,Bojan Bogdanović\bogdabo02,SF,30,UTA,23,23,33.1,7.0,15.3,.456,3.1,6.9,.453,3.8,8.3,.458,.558,3.5,4.0,.880,0.7,3.7,4.4,2.0,0.7,0.2,2.7,2.0,20.6
25,Jimmy Butler\butleji01,SF,30,MIA,19,19,34.7,5.8,13.5,.432,1.1,3.5,.303,4.8,10.1,.476,.471,7.9,9.4,.843,2.1,4.2,6.3,6.8,2.2,0.8,2.6,1.4,20.6
26,Spencer Dinwiddie\dinwisp01,SG,26,BRK,23,12,29.7,6.8,15.9,.426,1.9,6.0,.312,4.9,9.9,.496,.485,5.2,6.1,.850,0.2,2.7,2.9,6.2,0.9,0.5,2.7,3.4,20.6
27,Jaylen Brown\brownja02,SF,23,BOS,19,19,33.4,7.6,15.1,.502,2.0,5.3,.376,5.6,9.8,.570,.568,2.8,3.9,.730,1.1,5.9,6.9,1.9,1.1,0.4,1.6,3.2,20.0
28,Evan Fournier\fournev01,SG,27,ORL,23,23,30.7,6.9,14.3,.483,2.8,6.2,.448,4.1,8.1,.511,.581,3.4,4.0,.848,0.2,2.8,3.0,3.2,1.0,0.2,2.0,2.3,20.0
29,Lou Williams\willilo02,SG,33,LAC,25,3,31.0,6.5,16.0,.406,1.7,4.9,.344,4.8,11.2,.434,.459,5.3,6.2,.852,0.5,2.6,3.1,6.2,0.5,0.2,3.1,1.6,20.0
30,Jrue Holiday\holidjr01,SG,29,NOP,22,22,35.9,7.9,17.5,.449,1.7,5.2,.325,6.2,12.3,.502,.497,1.9,2.8,.672,1.3,3.7,5.0,6.6,2.0,0.7,3.2,2.5,19.3
31,Tobias Harris\harrito02,PF,27,PHI,24,24,34.2,7.6,15.5,.488,1.4,4.5,.318,6.2,11.1,.556,.534,2.6,3.3,.797,0.7,6.3,7.0,3.1,0.9,0.8,2.1,2.7,19.2
32,Malcolm Brogdon\brogdma01,PG,27,IND,20,20,31.8,7.0,14.7,.473,1.5,4.4,.345,5.5,10.4,.527,.524,3.7,3.9,.936,0.6,4.1,4.7,7.5,1.0,0.2,2.9,2.1,19.1
33,Montrezl Harrell\harremo01,C,26,LAC,25,2,29.3,7.9,13.3,.596,0.0,0.4,.000,7.9,12.9,.613,.596,3.2,5.3,.614,2.9,4.9,7.8,2.0,0.8,1.2,1.6,2.3,19.1
34,Ja Morant\moranja01,PG,20,MEM,18,18,28.8,7.0,15.1,.463,1.1,2.4,.432,5.9,12.7,.469,.498,4.0,5.2,.774,0.9,2.2,3.1,6.4,1.3,0.3,3.3,1.7,19.1
35,LaMarcus Aldridge\aldrila01,C,34,SAS,21,21,32.9,7.7,15.0,.513,0.6,1.6,.364,7.1,13.4,.530,.532,3.0,3.5,.838,2.1,4.9,7.0,2.4,0.6,1.8,1.6,2.2,18.9
36,Shai Gilgeous-Alexander\gilgesh01,SG,21,OKC,23,23,34.9,6.8,15.7,.432,1.5,4.1,.358,5.3,11.6,.459,.479,3.7,4.7,.796,0.7,4.5,5.2,3.0,1.0,0.4,2.1,1.8,18.8
37,Devonte' Graham\grahade01,PG,24,CHO,25,15,33.6,6.1,15.2,.404,3.6,8.7,.415,2.5,6.5,.389,.522,3.0,3.7,.806,1.1,2.7,3.8,7.8,0.7,0.2,3.1,1.6,18.8
38,Marcus Morris\morrima03,SF,30,NYK,21,21,32.7,6.0,14.2,.425,2.9,5.7,.500,3.2,8.5,.374,.525,3.6,4.3,.844,1.1,4.7,5.8,1.3,0.9,0.6,1.8,3.1,18.6
39,Domantas Sabonis\sabondo01,C,23,IND,22,22,34.5,7.3,14.2,.511,0.2,1.2,.192,7.0,13.0,.540,.519,3.6,4.6,.775,3.6,9.9,13.5,3.7,0.8,0.6,2.8,3.7,18.4
40,T.J. Warren\warretj01,SF,26,IND,24,24,33.0,7.4,14.5,.509,1.3,3.2,.395,6.1,11.3,.540,.552,2.4,2.9,.829,0.7,2.8,3.5,1.0,1.1,0.3,1.4,2.8,18.4
41,Danilo Gallinari\gallida01,PF,31,OKC,22,22,30.4,5.6,12.5,.446,2.7,6.8,.403,2.9,5.8,.496,.554,4.4,4.8,.914,0.5,5.2,5.7,2.1,0.7,0.1,1.4,1.6,18.3
42,Jamal Murray\murraja01,PG,22,DEN,21,21,32.8,6.9,15.8,.437,1.7,5.0,.340,5.2,10.8,.482,.491,2.7,3.0,.903,0.8,3.5,4.3,4.8,1.5,0.4,2.3,1.8,18.2
43,Fred VanVleet\vanvlfr01,PG,25,TOR,22,22,36.6,5.7,14.0,.409,2.6,6.7,.395,3.1,7.3,.422,.503,3.9,4.4,.876,0.2,3.6,3.8,7.0,2.0,0.1,2.4,2.3,18.0
44,Andre Drummond\drumman01,C,26,DET,24,24,33.8,7.3,13.5,.538,0.0,0.5,.000,7.3,13.0,.559,.538,2.9,4.5,.639,4.7,12.0,16.7,3.0,1.7,1.9,3.6,3.8,17.5
45,Khris Middleton\middlkh01,SF,28,MIL,17,14,27.3,6.5,13.2,.489,2.1,5.3,.400,4.4,7.9,.548,.569,2.5,2.8,.894,0.8,5.0,5.8,3.4,0.8,0.1,1.8,2.5,17.5
46,Kelly Oubre\oubreke01,SF,24,PHO,23,23,32.2,6.1,13.7,.446,1.5,4.7,.327,4.6,9.1,.507,.502,3.7,4.8,.782,1.4,4.6,6.0,1.5,1.3,0.7,1.6,3.3,17.5
47,Terry Rozier\roziete01,PG,25,CHO,25,25,32.7,6.2,14.3,.434,2.8,6.7,.413,3.4,7.6,.453,.531,2.4,2.7,.868,0.8,3.6,4.4,4.2,1.2,0.2,2.8,2.2,17.5
48,Collin Sexton\sextoco01,SG,21,CLE,23,23,30.4,6.7,15.5,.430,1.1,3.5,.313,5.6,12.0,.464,.465,2.9,3.6,.807,1.0,2.1,3.1,2.4,0.9,0.0,1.8,2.0,17.3
49,Julius Randle\randlju01,PF,25,NYK,23,23,32.1,6.1,14.0,.436,0.8,3.5,.238,5.3,10.5,.502,.466,3.7,5.7,.662,2.4,6.2,8.6,3.4,0.7,0.1,3.2,2.8,16.7
50,Dennis Schröder\schrode01,PG,26,OKC,23,0,29.3,6.5,14.2,.459,1.5,4.7,.324,5.0,9.5,.525,.512,2.2,2.7,.806,0.3,3.4,3.7,3.5,0.7,0.3,2.6,2.3,16.7
51,Eric Paschall\pascher01,PF,23,GSW,24,18,31.5,6.1,12.3,.497,0.7,2.4,.293,5.4,9.9,.546,.525,3.6,4.5,.813,1.5,3.8,5.2,1.7,0.4,0.4,1.7,2.0,16.6
52,Harrison Barnes\barneha02,PF,27,SAC,23,23,35.5,5.6,11.9,.471,1.3,3.7,.360,4.3,8.2,.521,.527,3.9,4.8,.802,1.1,4.2,5.3,2.3,0.9,0.2,1.6,1.3,16.4
53,Kristaps Porziņģis\porzikr01,PF,24,DAL,22,22,30.2,5.9,14.7,.398,2.0,5.9,.338,3.9,8.8,.438,.466,2.7,3.8,.702,1.7,7.0,8.7,1.4,0.5,2.0,1.6,2.9,16.4
54,Luke Kennard\kennalu01,SG,23,DET,23,20,32.8,5.6,12.4,.448,2.6,6.4,.399,3.0,6.0,.500,.551,2.6,2.9,.896,0.3,3.2,3.4,4.2,0.5,0.2,1.4,2.3,16.3
55,Jaren Jackson\jacksja02,C,20,MEM,22,22,27.1,5.9,13.0,.451,2.1,5.6,.371,3.8,7.4,.512,.531,2.4,3.0,.800,1.2,3.5,4.8,1.4,0.5,1.2,1.9,4.1,16.2
56,Jabari Parker\parkeja01,PF,24,ATL,23,18,28.0,6.7,13.3,.502,1.0,3.8,.276,5.6,9.5,.592,.541,1.8,2.5,.724,1.8,4.5,6.3,1.9,1.5,0.5,2.0,3.2,16.2
57,Nikola Jokić\jokicni01,C,24,DEN,21,21,31.0,6.6,14.1,.465,0.9,4.0,.229,5.7,10.2,.556,.497,2.0,2.6,.796,2.1,8.0,10.1,6.1,1.1,0.6,2.6,3.2,16.1
58,Josh Richardson\richajo01,SG,26,PHI,16,16,32.0,5.8,12.8,.456,2.0,5.2,.386,3.8,7.6,.504,.534,2.5,3.1,.800,0.6,2.8,3.4,3.6,1.1,0.6,2.3,2.9,16.1
59,Derrick Rose\rosede01,PG,31,DET,19,1,23.7,6.4,13.2,.488,0.7,2.3,.326,5.7,10.9,.522,.516,2.5,2.8,.870,0.5,1.6,2.1,5.8,0.8,0.4,2.5,1.1,16.1
60,Chris Paul\paulch01,PG,34,OKC,23,23,31.0,5.3,11.6,.453,1.5,4.3,.357,3.7,7.3,.509,.519,4.0,4.4,.892,0.3,3.9,4.1,5.9,1.7,0.1,1.7,2.4,16.0
61,Goran Dragić\dragigo01,PG,33,MIA,18,1,28.7,5.4,11.6,.466,2.2,5.3,.406,3.2,6.2,.518,.560,3.0,4.2,.711,0.3,2.9,3.2,5.0,0.7,0.2,2.6,1.8,15.9
62,Jeremy Lamb\lambje01,SG,27,IND,15,15,32.3,6.1,12.9,.472,1.3,4.1,.306,4.8,8.7,.550,.521,2.3,2.9,.795,0.7,4.6,5.3,2.6,1.1,0.5,1.4,2.2,15.7
63,Kevin Love\loveke01,PF,31,CLE,19,19,30.2,4.8,11.2,.429,2.1,5.9,.357,2.7,5.3,.510,.524,3.9,4.5,.882,0.9,9.5,10.5,2.6,0.6,0.4,2.7,1.4,15.6
64,Kendrick Nunn\nunnke01,SG,24,MIA,23,23,30.0,6.1,13.7,.444,2.0,5.9,.348,4.0,7.8,.517,.519,1.1,1.4,.788,0.3,2.2,2.5,3.4,1.0,0.3,2.1,2.6,15.3
65,Hassan Whiteside\whiteha01,C,30,POR,21,21,28.2,6.3,10.3,.608,0.0,0.0,,6.3,10.3,.608,.608,2.8,3.7,.753,3.7,8.7,12.4,1.3,0.5,2.2,2.0,3.0,15.3
66,Alec Burks\burksal01,SG,28,GSW,22,10,29.2,5.0,11.9,.420,1.5,4.1,.356,3.5,7.8,.453,.481,3.6,4.1,.889,0.7,3.8,4.5,3.0,1.1,0.3,1.5,2.2,15.1
67,J.J. Redick\redicjj01,SG,35,NOP,23,19,28.4,4.6,10.7,.429,3.3,7.3,.449,1.3,3.5,.388,.581,2.5,2.9,.866,0.2,3.0,3.1,2.0,0.4,0.2,1.3,1.7,15.0
68,Dāvis Bertāns\bertada01,PF,27,WAS,22,1,28.9,5.0,10.7,.464,3.8,8.5,.452,1.1,2.2,.510,.643,1.2,1.4,.867,0.9,3.6,4.5,1.6,0.6,0.6,0.6,2.5,14.9
69,Joe Harris\harrijo01,SF,28,BRK,23,23,31.7,5.5,11.3,.483,2.9,6.3,.455,2.6,5.0,.517,.609,1.0,1.2,.815,0.9,2.9,3.8,2.1,0.7,0.3,1.3,2.5,14.8
70,Bam Adebayo\adebaba01,C,22,MIA,23,23,33.1,5.4,9.3,.579,0.0,0.3,.143,5.3,9.0,.594,.582,3.8,5.7,.659,2.5,8.0,10.5,4.1,1.4,1.2,3.0,2.6,14.6
71,Eric Bledsoe\bledser01,PG,30,MIL,24,24,27.1,5.6,12.0,.464,1.1,3.6,.314,4.5,8.5,.527,.510,2.3,2.9,.786,0.9,4.2,5.0,5.7,0.8,0.5,2.3,2.4,14.6
72,Tyler Herro\herroty01,SG,20,MIA,22,3,29.0,5.3,11.9,.448,2.1,5.5,.392,3.2,6.4,.496,.538,1.8,2.1,.830,0.3,3.8,4.0,2.0,0.8,0.1,2.0,1.5,14.5
73,Rudy Gobert\goberru01,C,27,UTA,22,22,33.9,5.5,8.1,.680,0.0,0.0,,5.5,8.1,.680,.680,3.4,5.5,.615,3.4,10.2,13.5,1.4,0.8,1.8,2.2,3.2,14.4
74,RJ Barrett\barrerj01,SG,19,NYK,22,22,32.1,5.3,13.5,.395,1.0,3.2,.310,4.3,10.2,.422,.432,2.7,5.0,.532,1.2,4.1,5.3,3.3,1.4,0.5,2.5,2.5,14.3
75,Clint Capela\capelca01,C,25,HOU,19,19,32.6,6.4,9.9,.646,0.0,0.0,,6.4,9.9,.646,.646,1.5,3.2,.467,4.3,10.5,14.8,1.0,0.8,1.8,1.8,2.9,14.3
76,Ben Simmons\simmobe01,PG,23,PHI,22,22,34.2,6.0,10.4,.572,0.1,0.2,.500,5.9,10.2,.573,.576,2.3,3.9,.588,1.5,5.3,6.9,8.5,2.3,0.5,3.8,3.3,14.3
77,Will Barton\bartowi01,SF,29,DEN,19,19,32.2,5.3,11.8,.449,1.9,4.6,.414,3.4,7.3,.471,.529,1.6,2.3,.721,1.6,4.9,6.5,3.3,1.0,0.4,1.3,2.2,14.2
78,Bogdan Bogdanović\bogdabo01,SG,27,SAC,21,0,27.4,5.0,12.4,.402,2.6,7.0,.377,2.4,5.5,.435,.508,1.6,2.2,.717,0.3,2.5,2.8,4.2,1.2,0.1,1.8,1.8,14.2
79,Rui Hachimura\hachiru01,PF,21,WAS,22,22,29.6,6.0,12.4,.484,0.4,2.0,.205,5.6,10.4,.537,.500,1.8,2.0,.889,1.5,4.2,5.8,1.7,0.8,0.1,0.9,2.2,14.2
80,Lauri Markkanen\markkla01,PF,22,CHI,25,25,30.2,4.5,11.8,.378,2.0,6.1,.320,2.5,5.7,.441,.461,3.3,4.0,.812,1.0,5.8,6.8,1.6,0.9,0.5,1.9,1.9,14.2
81,Jonas Valančiūnas\valanjo01,C,27,MEM,21,21,24.8,6.0,10.2,.581,0.6,1.5,.375,5.4,8.7,.617,.609,1.8,2.3,.771,2.6,7.2,9.8,2.0,0.4,0.9,2.3,2.9,14.2
82,Thomas Bryant\bryanth01,C,22,WAS,18,18,28.4,5.6,10.2,.549,0.6,1.9,.286,5.1,8.3,.611,.576,2.2,2.9,.736,2.3,6.2,8.5,2.7,0.4,1.0,1.3,2.4,13.9
83,Mike Conley\conlemi01,PG,32,UTA,21,21,29.9,4.6,12.5,.369,1.9,5.1,.374,2.7,7.4,.365,.445,2.8,3.5,.795,0.8,2.7,3.5,4.6,0.7,0.2,2.1,2.1,13.9
84,Al Horford\horfoal01,C,33,PHI,22,22,30.8,5.6,11.5,.490,1.5,3.9,.388,4.1,7.6,.542,.555,1.1,1.7,.676,1.7,5.0,6.7,4.0,1.1,1.0,1.1,2.4,13.9
85,Tristan Thompson\thomptr01,C,28,CLE,22,22,31.2,5.9,11.3,.520,0.1,0.3,.429,5.7,11.0,.523,.526,1.9,3.4,.568,4.1,6.0,10.1,2.4,0.9,1.1,1.6,2.5,13.8
86,Jordan Clarkson\clarkjo01,SG,27,CLE,23,0,22.2,4.5,10.9,.416,1.8,5.1,.347,2.7,5.7,.477,.498,2.9,3.3,.893,0.6,1.6,2.2,2.4,0.5,0.3,1.4,1.1,13.7
87,Aaron Gordon\gordoaa01,PF,24,ORL,20,20,31.2,5.0,11.8,.424,1.3,4.0,.313,3.8,7.8,.481,.477,2.4,3.4,.716,1.6,5.3,6.8,2.9,0.7,0.5,1.4,2.2,13.7
88,Terrence Ross\rosste01,SG,28,ORL,21,0,24.4,4.7,11.2,.419,2.0,6.2,.328,2.7,5.0,.533,.511,2.0,2.4,.840,0.3,2.7,3.0,1.0,0.9,0.3,1.2,1.8,13.5
89,Taurean Waller-Prince\princta02,SF,25,BRK,23,23,30.5,4.8,11.8,.408,2.7,6.9,.399,2.1,5.0,.421,.524,1.0,1.3,.742,0.8,5.3,6.2,2.2,0.9,0.4,2.1,2.7,13.4
90,Dillon Brooks\brookdi01,SG,24,MEM,23,23,27.5,4.8,12.2,.396,1.7,4.7,.364,3.1,7.5,.416,.466,1.9,2.4,.800,1.0,2.4,3.5,2.0,1.1,0.3,1.2,3.8,13.3
91,Norman Powell\powelno01,SG,26,TOR,23,12,28.0,4.8,10.3,.466,1.7,4.7,.358,3.1,5.5,.559,.549,2.0,2.5,.810,0.5,3.3,3.9,1.6,1.0,0.3,1.5,1.8,13.3
92,Tim Hardaway\hardati02,SG,27,DAL,23,10,24.8,4.5,10.3,.433,2.4,6.4,.381,2.0,4.0,.516,.550,1.8,2.2,.820,0.3,1.8,2.1,1.8,0.6,0.1,0.5,1.9,13.2
93,Jeff Teague\teaguje01,PG,31,MIN,19,12,29.2,4.2,9.6,.434,0.9,2.6,.347,3.3,7.0,.466,.481,3.9,4.5,.860,0.5,2.2,2.7,6.9,0.9,0.3,2.3,2.2,13.1
94,Paul Millsap\millspa01,PF,34,DEN,21,21,25.6,4.4,9.3,.477,1.2,2.5,.481,3.2,6.8,.476,.541,3.0,3.4,.875,2.0,3.9,5.9,1.3,0.8,0.8,1.2,2.8,13.0
95,Bryn Forbes\forbebr01,SG,26,SAS,23,23,26.9,4.6,10.9,.418,2.4,6.6,.362,2.2,4.3,.505,.528,1.3,1.6,.838,0.3,2.2,2.5,2.0,0.5,0.0,0.7,1.9,12.9
96,Miles Bridges\bridgmi02,SF,21,CHO,25,25,30.6,5.0,11.0,.451,1.6,4.3,.383,3.3,6.7,.494,.525,1.2,1.5,.789,1.4,4.0,5.4,1.8,0.5,0.7,1.6,2.0,12.8
97,Ricky Rubio\rubiori01,PG,29,PHO,18,18,31.6,4.5,11.7,.384,1.1,3.6,.313,3.4,8.2,.415,.431,2.6,3.1,.821,0.7,4.1,4.8,9.2,1.3,0.2,1.9,2.7,12.7
98,Isaiah Thomas\thomais02,PG,30,WAS,17,14,24.9,4.8,10.8,.446,2.0,4.9,.410,2.8,5.9,.475,.538,0.9,1.2,.800,0.2,1.6,1.8,5.1,0.5,0.2,2.2,2.2,12.6
99,Robert Covington\covinro01,PF,29,MIN,22,22,27.8,4.2,9.2,.455,2.0,5.5,.369,2.1,3.6,.588,.567,2.1,2.3,.902,0.8,4.5,5.3,1.1,1.3,0.9,1.5,3.0,12.5
100,Richaun Holmes\holmeri01,C,26,SAC,23,19,29.3,5.3,7.9,.669,0.0,0.0,,5.3,7.9,.669,.669,2.0,2.5,.793,2.9,5.7,8.6,1.0,1.0,1.4,0.9,4.0,12.5
101,Langston Galloway\gallola01,SG,28,DET,24,6,27.6,4.0,8.9,.451,2.5,5.9,.430,1.5,3.0,.493,.594,1.9,2.1,.900,0.4,1.8,2.1,1.5,0.6,0.3,0.8,1.3,12.4
102,Jarrett Allen\allenja01,C,21,BRK,23,20,26.5,4.9,7.3,.663,0.0,0.0,.000,4.9,7.3,.667,.663,2.6,4.3,.600,3.7,6.9,10.6,1.2,0.8,1.3,1.2,2.5,12.3
103,Jonathan Isaac\isaacjo01,SF,22,ORL,21,21,30.8,4.8,10.7,.449,1.1,3.5,.324,3.7,7.2,.510,.502,1.6,2.0,.786,1.8,5.5,7.3,1.4,1.3,2.9,1.6,2.3,12.3
104,Wendell Carter\cartewe01,C,20,CHI,25,25,30.0,4.7,8.2,.568,0.1,0.6,.133,4.6,7.6,.602,.573,2.8,3.9,.704,3.5,6.3,9.8,1.0,0.7,0.8,1.5,4.1,12.2
105,Danuel House\houseda01,SF,26,HOU,17,15,29.8,3.9,8.5,.455,2.5,5.9,.426,1.4,2.6,.523,.603,1.8,2.2,.811,1.1,3.1,4.2,1.4,1.1,0.6,0.9,2.3,12.1
106,De'Andre Hunter\huntede01,SF,22,ATL,22,21,31.5,4.3,10.9,.393,1.7,4.8,.352,2.6,6.1,.425,.471,1.9,2.3,.804,0.5,3.5,4.0,1.9,0.6,0.2,1.8,2.6,12.1
107,PJ Washington\washipj01,PF,21,CHO,25,25,28.3,4.5,9.1,.491,1.4,3.2,.425,3.1,5.9,.527,.566,1.8,2.5,.698,0.9,4.2,5.1,1.8,1.1,0.8,1.2,2.7,12.1
108,Markelle Fultz\fultzma01,PG,21,ORL,23,18,25.8,4.9,10.3,.479,0.3,1.7,.211,4.6,8.6,.530,.496,1.8,2.3,.792,0.4,2.3,2.7,4.1,1.3,0.2,1.8,2.1,12.0
109,Coby White\whiteco01,SG,19,CHI,25,0,25.3,4.3,12.0,.358,2.0,6.0,.342,2.2,6.0,.373,.443,1.3,1.7,.786,0.3,3.4,3.7,2.4,0.7,0.0,1.5,1.4,11.9
110,Brandon Clarke\clarkbr01,PF,23,MEM,18,2,21.2,5.1,8.1,.630,0.6,1.2,.455,4.6,6.9,.661,.664,1.1,1.3,.826,1.3,4.6,5.9,1.3,0.5,0.9,1.1,1.7,11.8
111,Marcus Smart\smartma01,SG,25,BOS,20,15,31.8,4.1,10.6,.387,2.1,6.3,.333,2.0,4.3,.465,.486,1.5,1.7,.879,1.0,2.4,3.4,4.6,1.3,0.5,1.3,2.3,11.8
112,Moritz Wagner\wagnemo01,C,22,WAS,20,3,20.2,4.5,7.7,.588,1.1,2.7,.407,3.4,5.0,.687,.660,1.7,2.0,.825,1.6,4.5,6.1,1.3,0.8,0.6,2.2,3.9,11.8
113,Nemanja Bjelica\bjeline01,PF,31,SAC,23,22,26.5,4.6,9.5,.479,1.9,4.4,.426,2.7,5.1,.525,.578,0.7,0.7,.941,2.0,4.8,6.8,2.7,1.0,0.6,1.7,3.0,11.7
114,Glenn Robinson\robingl02,SF,26,GSW,25,25,32.1,4.6,10.1,.455,1.2,3.2,.380,3.4,7.0,.489,.514,1.1,1.3,.844,1.4,3.3,4.7,1.7,1.0,0.3,0.9,1.6,11.5
115,Rudy Gay\gayru01,PF,33,SAS,23,4,23.1,4.2,9.1,.459,0.9,3.2,.274,3.3,5.9,.559,.507,2.1,2.3,.889,1.3,4.6,5.9,1.9,0.4,0.6,1.7,1.5,11.3
116,Dario Šarić\saricda01,PF,25,PHO,23,23,28.2,4.0,9.3,.435,1.7,4.8,.345,2.4,4.5,.529,.523,1.5,1.8,.854,1.9,5.4,7.3,2.0,0.9,0.4,1.3,2.7,11.3
117,Cody Zeller\zelleco01,C,27,CHO,22,17,23.5,4.6,8.5,.537,0.6,1.7,.342,4.0,6.8,.587,.572,1.5,2.3,.647,2.9,4.8,7.6,1.2,0.5,0.5,1.6,2.4,11.3
118,OG Anunoby\anunoog01,SF,22,TOR,22,22,29.9,4.5,8.5,.521,1.5,3.7,.420,2.9,4.9,.598,.612,0.7,1.3,.552,1.0,4.6,5.6,1.8,1.4,0.9,1.1,2.3,11.2
119,Josh Hart\hartjo01,SF,24,NOP,17,4,27.3,3.8,9.0,.418,2.2,6.2,.349,1.6,2.8,.574,.539,1.5,2.0,.765,1.1,5.1,6.2,1.5,1.0,0.4,1.2,2.7,11.2
120,Kyle Kuzma\kuzmaky01,PF,24,LAL,20,1,23.1,4.1,9.4,.433,1.6,4.5,.360,2.5,4.9,.500,.519,1.4,2.0,.692,0.4,3.0,3.4,0.9,0.3,0.4,1.8,1.7,11.1
121,Patty Mills\millspa02,PG,31,SAS,23,1,23.4,3.9,8.5,.459,2.0,4.9,.416,1.9,3.6,.518,.579,1.3,1.6,.784,0.2,1.2,1.4,2.3,0.9,0.2,1.0,1.5,11.1
122,Rodney Hood\hoodro01,SF,27,POR,21,21,29.5,4.1,8.2,.506,1.7,3.4,.493,2.5,4.8,.515,.608,1.0,1.3,.778,0.5,3.0,3.4,1.5,0.8,0.2,0.9,2.2,11.0
123,Darius Garland\garlada01,PG,20,CLE,23,23,28.2,4.1,11.0,.375,1.6,4.5,.359,2.5,6.5,.387,.449,1.0,1.2,.852,0.3,1.5,1.8,2.8,0.7,0.0,2.5,1.4,10.9
124,Duncan Robinson\robindu01,SF,25,MIA,23,18,26.0,3.7,8.0,.459,2.8,6.7,.425,0.9,1.4,.625,.635,0.7,0.7,.938,0.1,2.8,3.0,0.7,0.8,0.3,0.7,2.7,10.9
125,Myles Turner\turnemy01,C,23,IND,16,16,30.7,3.9,9.4,.420,1.4,4.0,.359,2.5,5.4,.465,.497,1.6,2.1,.735,1.6,4.1,5.6,1.2,0.7,2.4,1.7,2.5,10.9
126,Steven Adams\adamsst01,C,26,OKC,20,20,27.1,4.6,7.5,.617,0.0,0.1,.000,4.6,7.4,.622,.617,1.6,3.0,.542,3.0,6.3,9.3,2.9,0.5,1.3,1.5,1.9,10.8
127,Lonzo Ball\balllo01,PG,22,NOP,16,12,28.8,3.9,10.3,.382,2.1,6.3,.340,1.8,4.1,.446,.485,0.6,0.9,.714,0.8,3.7,4.5,5.6,1.1,0.4,2.6,2.1,10.6
128,Gary Harris\harriga01,SG,25,DEN,21,21,31.8,4.0,9.7,.414,1.5,4.1,.368,2.5,5.5,.448,.493,1.0,1.4,.759,0.5,2.6,3.1,1.9,1.1,0.3,1.0,2.1,10.6
129,Jae Crowder\crowdja01,SF,29,MEM,23,23,31.0,3.5,9.0,.386,2.1,6.5,.320,1.4,2.5,.561,.502,1.5,2.0,.739,0.7,5.3,6.0,2.7,1.0,0.3,1.4,2.1,10.5
130,Frank Kaminsky\kaminfr01,C,26,PHO,23,10,23.5,3.7,8.7,.427,1.1,3.6,.317,2.6,5.1,.504,.492,2.0,2.9,.672,1.0,4.2,5.3,2.2,0.4,0.4,1.0,2.3,10.5
131,Garrett Temple\templga01,SG,33,BRK,23,14,27.7,3.6,8.7,.415,2.2,6.1,.362,1.4,2.6,.542,.543,0.8,1.1,.760,0.5,2.7,3.2,2.3,1.0,0.6,1.1,2.0,10.3
132,Brook Lopez\lopezbr01,C,31,MIL,22,22,26.4,3.4,8.6,.395,1.5,5.0,.294,2.0,3.7,.531,.479,1.9,2.0,.932,0.5,4.3,4.8,1.4,0.7,2.4,1.0,2.1,10.1
133,Ben McLemore\mclembe01,SG,26,HOU,23,7,22.4,3.3,8.2,.402,2.4,7.0,.348,0.9,1.2,.714,.550,1.1,1.3,.862,0.4,2.0,2.4,1.0,0.7,0.3,0.8,2.0,10.1
134,Markieff Morris\morrima02,PF,30,DET,23,12,22.0,3.7,8.1,.462,1.5,3.8,.398,2.2,4.3,.520,.556,1.1,1.5,.765,0.5,3.3,3.9,1.5,0.7,0.2,1.7,2.3,10.1
135,Anfernee Simons\simonan01,SG,20,POR,24,1,21.4,3.7,8.8,.420,1.4,4.2,.340,2.3,4.7,.491,.500,1.2,1.6,.744,0.3,1.6,1.9,1.5,0.5,0.1,1.0,2.0,10.0
136,Larry Nance\nancela02,C,27,CLE,21,4,26.0,3.8,7.5,.503,1.2,3.2,.373,2.6,4.3,.600,.583,1.2,1.7,.714,2.0,5.4,7.3,1.5,0.9,0.5,1.0,1.7,9.9
137,P.J. Tucker\tuckepj01,PF,34,HOU,23,23,35.8,3.6,7.0,.509,2.0,4.5,.433,1.6,2.5,.649,.649,0.7,0.9,.800,1.6,5.6,7.1,1.4,1.3,0.5,1.0,3.4,9.8
138,D.J. Augustin\augusdj01,PG,32,ORL,23,5,25.6,3.2,8.5,.379,1.0,3.5,.300,2.2,5.0,.435,.441,2.3,2.6,.881,0.5,1.9,2.4,4.7,0.8,0.0,1.4,1.1,9.7
139,Dejounte Murray\murrade01,PG,23,SAS,20,13,22.6,3.8,8.4,.452,0.3,1.3,.192,3.6,7.1,.500,.467,1.9,2.4,.787,1.3,4.8,6.1,4.1,1.6,0.3,2.3,2.3,9.7
140,Derrick White\whitede01,SG,25,SAS,21,9,23.9,3.4,7.5,.452,1.0,2.4,.392,2.4,5.0,.481,.516,2.0,2.5,.788,0.5,1.8,2.3,2.9,0.4,0.7,1.2,2.4,9.7
141,E'Twaun Moore\mooreet01,SG,30,NOP,16,3,20.4,3.7,8.8,.421,1.3,3.4,.382,2.4,5.3,.447,.496,0.9,1.4,.636,0.8,2.4,3.2,1.4,0.5,0.1,0.7,1.7,9.6
142,Jerami Grant\grantje01,PF,25,DEN,21,0,22.1,3.5,7.8,.454,1.2,3.4,.361,2.3,4.3,.527,.534,1.2,2.0,.595,0.5,3.0,3.5,1.0,0.3,0.6,0.9,1.8,9.5
143,George Hill\hillge01,PG,33,MIL,22,0,21.1,3.3,6.0,.541,1.5,2.9,.516,1.8,3.1,.565,.665,1.4,1.7,.838,1.0,1.9,2.9,3.1,0.8,0.1,0.8,1.7,9.5
144,Doug McDermott\mcderdo01,PF,28,IND,24,0,20.8,3.5,7.6,.464,1.8,3.9,.468,1.7,3.7,.461,.585,0.5,0.6,.867,0.4,2.3,2.8,1.2,0.1,0.1,0.8,2.0,9.5
145,Tomáš Satoranský\satorto01,PG,28,CHI,25,25,27.4,3.4,7.7,.440,1.2,3.0,.387,2.2,4.7,.475,.516,1.5,1.7,.881,0.8,2.5,3.3,5.4,1.5,0.1,2.0,2.0,9.4
146,Malik Monk\monkma01,SG,21,CHO,25,0,20.6,3.6,8.1,.441,1.0,3.8,.263,2.6,4.3,.598,.502,1.2,1.4,.833,0.3,2.3,2.6,2.2,0.4,0.2,1.4,1.7,9.3
147,Cedi Osman\osmande01,SF,24,CLE,23,23,29.2,3.4,8.1,.422,1.6,4.3,.364,1.9,3.8,.489,.519,0.9,1.4,.656,0.4,3.0,3.4,2.0,1.1,0.3,1.3,2.3,9.3
148,Jarrett Culver\culveja01,SG,20,MIN,23,13,23.6,3.6,9.4,.384,1.0,3.8,.264,2.6,5.6,.465,.438,1.0,2.2,.451,1.0,2.3,3.4,2.3,0.9,0.5,1.3,2.1,9.2
149,Jahlil Okafor\okafoja01,C,24,NOP,15,7,18.3,3.7,5.8,.632,0.1,0.1,.500,3.6,5.7,.635,.638,1.8,2.6,.692,1.7,3.0,4.7,1.4,0.3,1.0,1.7,3.0,9.2
150,Mitchell Robinson\robinmi01,C,21,NYK,19,6,21.2,3.6,5.3,.683,0.0,0.0,,3.6,5.3,.683,.683,1.9,3.1,.627,2.9,3.8,6.7,0.6,0.7,1.9,0.8,3.4,9.2
151,Cameron Johnson\johnsca02,PF,23,PHO,21,0,20.0,3.2,7.3,.438,2.0,4.9,.408,1.2,2.4,.500,.575,0.8,0.8,.941,1.0,2.0,3.0,0.9,0.6,0.3,0.7,1.8,9.1
152,Ish Smith\smithis01,PG,31,WAS,22,8,24.7,3.8,8.5,.449,0.9,2.5,.370,2.9,6.0,.481,.503,0.5,0.8,.667,0.5,2.5,3.0,4.3,0.7,0.3,1.2,1.7,9.1
153,Jaxson Hayes\hayesja02,C,19,NOP,21,10,21.0,3.4,5.6,.610,0.0,0.1,.000,3.4,5.5,.626,.610,2.2,3.3,.657,2.0,2.6,4.6,0.7,0.8,1.1,0.9,3.2,9.0
154,Josh Okogie\okogijo01,SG,21,MIN,21,6,24.9,2.8,6.4,.440,0.8,2.4,.314,2.0,4.0,.518,.500,2.6,3.3,.786,1.5,3.6,5.0,1.6,1.0,0.3,1.5,2.3,9.0
155,Kelly Olynyk\olynyke01,C,28,MIA,23,0,23.4,3.0,6.6,.464,1.7,3.9,.427,1.4,2.7,.516,.589,1.3,1.4,.879,1.0,4.0,4.9,1.3,1.0,0.4,1.4,2.7,9.0
156,Christian Wood\woodch01,PF,24,DET,22,0,15.0,3.3,5.3,.624,0.7,1.4,.484,2.6,3.9,.674,.688,1.6,2.5,.655,1.2,3.3,4.5,0.5,0.3,0.9,1.0,1.0,9.0
157,Donte DiVincenzo\divindo01,SG,23,MIL,21,10,21.0,3.3,7.6,.431,1.3,3.8,.354,2.0,3.9,.506,.519,1.0,1.2,.769,0.9,3.3,4.2,1.5,1.5,0.1,1.1,1.7,8.9
158,Rondae Hollis-Jefferson\holliro01,SF,25,TOR,16,0,20.7,3.6,6.5,.548,0.1,0.3,.200,3.5,6.2,.566,.553,1.7,2.3,.730,2.4,2.9,5.4,1.4,0.8,0.4,1.3,1.8,8.9
159,Ky Bowman\bowmaky01,PG,22,GSW,25,6,23.2,3.5,7.7,.453,1.1,2.6,.422,2.4,5.1,.469,.523,0.8,0.8,.950,0.5,2.2,2.8,2.8,0.9,0.1,1.2,2.2,8.8
160,Draymond Green\greendr01,PF,29,GSW,16,16,28.2,3.2,7.9,.405,0.7,2.5,.275,2.5,5.4,.465,.448,1.8,2.4,.718,0.4,5.5,5.9,5.6,1.6,0.7,2.3,2.6,8.8
161,Thaddeus Young\youngth01,PF,31,CHI,24,0,21.2,3.5,8.5,.409,1.1,3.3,.342,2.3,5.2,.452,.475,0.7,1.3,.567,1.6,2.6,4.2,1.5,0.9,0.3,1.6,1.7,8.8
162,Aaron Holiday\holidaa01,PG,23,IND,22,9,21.0,3.3,8.5,.390,1.5,3.8,.381,1.9,4.7,.398,.476,0.6,0.6,.929,0.4,2.1,2.5,2.8,0.8,0.1,1.4,1.5,8.7
163,Bobby Portis\portibo01,C,24,NYK,23,2,21.8,3.4,8.6,.399,1.0,2.8,.354,2.4,5.8,.421,.457,0.8,1.1,.720,1.6,4.2,5.7,1.1,0.7,0.3,0.9,1.7,8.7
164,Dorian Finney-Smith\finnedo01,PF,26,DAL,23,20,26.9,3.2,6.7,.471,1.2,3.7,.329,2.0,3.0,.643,.561,1.0,1.5,.706,1.9,3.2,5.0,1.1,0.6,0.4,1.0,1.9,8.6
165,Furkan Korkmaz\korkmfu01,SG,22,PHI,23,11,22.8,3.1,7.3,.423,1.7,4.6,.362,1.4,2.7,.524,.536,0.7,0.9,.810,0.2,2.1,2.3,0.9,0.3,0.2,0.8,1.6,8.6
166,Austin Rivers\riverau01,SG,27,HOU,22,1,24.9,3.0,7.4,.414,1.4,4.3,.326,1.6,3.0,.537,.509,0.9,1.3,.714,0.8,2.0,2.7,1.5,0.5,0.2,0.7,2.0,8.4
167,Ivica Zubac\zubaciv01,C,22,LAC,25,23,16.8,3.2,5.4,.588,0.0,0.1,.000,3.2,5.4,.597,.588,2.0,2.4,.836,2.4,4.2,6.6,0.9,0.2,1.1,0.9,2.3,8.4
168,Jeff Green\greenje02,PF,33,UTA,24,2,19.0,2.6,6.6,.399,1.3,3.6,.349,1.4,3.0,.458,.494,1.8,2.3,.796,0.4,2.3,2.8,0.6,0.4,0.4,1.0,1.8,8.3
169,Seth Curry\curryse01,SG,29,DAL,21,9,21.2,2.7,6.2,.431,1.5,3.9,.383,1.2,2.3,.510,.550,1.4,1.5,.935,0.4,1.5,1.9,1.6,0.6,0.2,0.8,1.8,8.2
170,Danny Green\greenda02,SG,32,LAL,24,24,25.3,3.0,6.8,.433,2.0,4.9,.398,1.0,1.9,.522,.576,0.3,0.5,.727,0.6,3.2,3.8,1.2,1.3,0.5,1.0,2.4,8.2
171,DeAndre Jordan\jordade01,C,31,BRK,20,3,21.5,3.4,4.8,.705,0.0,0.0,,3.4,4.8,.705,.705,1.5,2.2,.674,2.3,7.0,9.2,2.1,0.4,1.1,1.1,2.1,8.2
172,Wesley Matthews\matthwe02,SG,33,MIL,24,24,24.1,2.8,6.3,.441,1.7,4.3,.385,1.1,2.0,.563,.572,1.0,1.1,.852,0.2,2.1,2.3,1.5,0.5,0.1,0.8,1.2,8.2
173,Dwight Powell\poweldw01,C,28,DAL,20,17,25.3,3.4,4.9,.684,0.3,0.7,.462,3.1,4.3,.718,.714,1.2,2.1,.561,1.6,3.1,4.7,1.3,0.8,0.4,1.0,2.6,8.2
174,Kentavious Caldwell-Pope\caldwke01,SG,26,LAL,24,14,24.0,3.0,6.7,.450,1.1,3.0,.380,1.9,3.7,.506,.534,0.8,1.0,.833,0.5,1.7,2.1,1.8,0.8,0.2,0.8,1.7,8.0
175,Willie Cauley-Stein\caulewi01,C,26,GSW,22,21,22.4,3.5,6.4,.557,0.0,0.0,,3.5,6.4,.557,.557,1.0,1.4,.677,1.5,5.0,6.5,1.6,1.0,1.2,1.0,2.9,8.0
176,Maxi Kleber\klebima01,C,28,DAL,22,5,24.3,2.7,6.4,.421,1.4,3.8,.369,1.3,2.5,.500,.532,1.3,1.4,.903,1.7,4.0,5.7,1.0,0.2,0.6,0.7,1.8,8.0
177,Cam Reddish\reddica01,SF,20,ATL,20,17,24.8,2.8,8.8,.318,1.0,3.8,.250,1.9,5.0,.370,.372,1.4,1.9,.757,0.7,3.0,3.7,1.6,1.0,0.4,1.8,1.8,8.0
178,Kent Bazemore\bazemke01,SF,30,POR,24,3,23.0,2.6,7.5,.344,1.3,3.6,.356,1.3,3.9,.333,.431,1.4,1.8,.791,0.4,3.9,4.3,1.7,0.9,0.8,1.4,3.0,7.9
179,Kevin Knox\knoxke01,SF,20,NYK,22,3,19.9,2.5,6.8,.376,1.4,3.7,.366,1.2,3.0,.388,.477,1.4,2.1,.660,0.5,2.4,2.9,1.2,0.5,0.3,0.7,1.6,7.9
180,Jordan Poole\poolejo01,SG,20,GSW,24,9,24.0,2.5,9.5,.258,1.2,4.9,.246,1.3,4.6,.270,.321,1.8,2.0,.857,0.2,2.1,2.3,2.0,0.6,0.3,1.2,1.8,7.9
181,Omari Spellman\spellom01,PF,22,GSW,24,0,18.2,2.8,6.3,.441,0.8,2.1,.380,2.0,4.3,.471,.503,1.5,1.8,.837,2.2,3.3,5.5,1.0,0.7,0.7,1.4,1.1,7.9
182,Damian Jones\jonesda03,C,24,ATL,22,14,19.0,3.1,4.5,.704,0.1,0.2,.400,3.0,4.2,.720,.714,1.3,2.0,.674,1.6,2.5,4.1,0.8,0.5,0.9,0.7,3.5,7.7
183,Tony Snell\snellto01,SF,28,DET,20,18,25.4,2.8,6.0,.467,1.9,4.3,.447,0.9,1.8,.514,.625,0.2,0.2,1.000,0.3,1.6,1.8,1.5,0.4,0.1,0.5,1.9,7.7
184,Patrick Beverley\beverpa01,PG,31,LAC,23,23,29.9,2.8,7.1,.396,1.3,4.3,.316,1.5,2.9,.515,.491,0.6,1.0,.609,1.4,5.0,6.4,3.3,1.5,0.5,1.5,3.8,7.6
185,Troy Brown\browntr01,SG,20,WAS,19,11,21.8,3.2,6.8,.465,0.5,1.8,.257,2.7,4.9,.543,.500,0.8,1.1,.714,1.4,3.6,5.1,2.1,1.3,0.2,0.9,1.5,7.6
186,Justin Holiday\holidju01,SG,30,IND,24,2,25.1,2.6,6.4,.412,1.6,4.0,.396,1.0,2.4,.439,.536,0.8,1.0,.826,0.5,3.3,3.8,1.6,1.0,0.7,0.6,1.7,7.6
187,Alex Len\lenal01,C,26,ATL,22,9,16.9,3.0,5.9,.512,0.2,1.2,.185,2.8,4.6,.598,.531,1.4,2.0,.698,1.4,3.3,4.7,0.9,0.5,0.8,1.0,2.1,7.6
188,Marvin Williams\willima02,PF,33,CHO,24,0,20.3,2.6,5.3,.496,1.3,3.1,.400,1.4,2.2,.635,.614,1.1,1.3,.900,0.4,2.4,2.8,1.0,0.7,0.4,0.7,1.7,7.6
189,Bismack Biyombo\biyombi01,C,27,CHO,23,8,16.6,2.9,5.1,.568,0.0,0.0,,2.9,5.1,.568,.568,1.7,3.0,.565,1.6,2.7,4.3,0.8,0.3,0.7,0.7,1.9,7.5
190,Jalen Brunson\brunsja01,PG,23,DAL,23,3,15.7,3.0,6.0,.496,0.6,1.9,.326,2.3,4.1,.574,.547,1.0,1.3,.710,0.6,1.8,2.3,2.6,0.5,0.0,0.9,1.1,7.5
191,Joe Ingles\inglejo01,SF,32,UTA,24,4,27.8,2.5,6.8,.366,1.5,4.5,.324,1.0,2.3,.446,.473,1.0,1.3,.750,0.2,3.8,4.0,4.0,1.0,0.1,1.7,2.3,7.5
192,Nerlens Noel\noelne01,C,25,OKC,22,3,18.5,3.0,4.6,.647,0.0,0.0,,3.0,4.6,.647,.647,1.5,2.0,.791,1.4,3.6,5.0,1.5,1.0,1.6,1.0,2.8,7.5
193,Delon Wright\wrighde01,SG,27,DAL,22,2,21.2,2.8,5.9,.481,0.6,1.7,.351,2.2,4.2,.533,.531,1.3,1.5,.824,0.8,2.6,3.4,3.4,1.1,0.3,0.7,1.2,7.5
194,Bruce Brown\brownbr01,SG,23,DET,24,20,26.3,3.0,7.0,.425,0.5,1.6,.333,2.4,5.3,.453,.464,0.9,1.6,.564,0.9,3.4,4.3,3.6,0.9,0.5,1.8,2.7,7.4
195,James Ennis\ennisja01,SF,29,PHI,24,0,17.5,2.5,5.0,.496,0.9,2.2,.423,1.6,2.9,.551,.587,1.5,1.9,.783,1.1,2.3,3.5,0.9,0.5,0.3,0.6,1.9,7.4
196,JaMychal Green\greenja01,PF,29,LAC,22,0,21.3,2.5,6.0,.414,1.5,4.1,.378,1.0,2.0,.488,.541,0.8,1.0,.857,1.3,5.3,6.6,0.5,0.6,0.3,0.9,2.5,7.4
197,DeAndre' Bembry\bembrde01,SG,25,ATL,23,4,25.6,3.1,6.3,.490,0.4,1.6,.250,2.7,4.7,.569,.521,0.8,1.6,.486,1.1,3.5,4.6,2.7,1.4,0.5,1.5,2.2,7.3
198,Mikal Bridges\bridgmi01,SF,23,PHO,23,0,21.1,2.7,5.3,.500,0.5,1.7,.308,2.1,3.6,.590,.549,1.4,1.8,.786,0.9,2.8,3.7,1.1,1.4,0.3,0.8,1.9,7.3
199,Ersan İlyasova\ilyaser01,PF,32,MIL,22,0,15.8,2.6,5.4,.487,0.8,2.5,.315,1.9,3.0,.631,.559,1.2,1.5,.818,1.3,3.4,4.7,0.6,0.5,0.3,0.3,1.7,7.3
200,Enes Kanter\kanteen01,C,27,BOS,15,3,15.9,2.9,4.9,.589,0.0,0.1,.000,2.9,4.8,.597,.589,1.6,2.5,.649,2.5,3.3,5.8,1.1,0.6,0.4,0.8,1.3,7.3
201,Brad Wanamaker\wanambr01,PG,30,BOS,22,0,17.8,2.4,5.0,.468,0.5,1.3,.379,1.9,3.7,.500,.518,2.0,2.3,.882,0.4,1.5,2.0,2.9,0.7,0.2,1.2,1.7,7.3
202,JaVale McGee\mcgeeja01,C,32,LAL,24,24,16.5,3.3,5.3,.619,0.0,0.0,,3.3,5.3,.619,.619,0.7,1.1,.654,1.9,4.2,6.1,0.6,0.6,1.2,0.8,2.3,7.2
203,Monte Morris\morrimo01,PG,24,DEN,21,0,17.2,2.8,6.5,.431,0.5,1.3,.393,2.3,5.2,.440,.471,1.0,1.4,.733,0.2,1.5,1.7,3.4,0.5,0.2,0.7,0.9,7.2
204,Frank Jackson\jacksfr01,PG,21,NOP,21,1,15.2,2.5,6.7,.371,1.0,3.1,.308,1.5,3.6,.427,.443,1.2,1.5,.813,0.2,1.2,1.4,1.0,0.4,0.0,1.0,1.5,7.1
205,Emmanuel Mudiay\mudiaem01,PG,23,UTA,21,0,15.7,2.8,6.0,.465,0.4,1.5,.290,2.4,4.6,.521,.500,1.0,1.3,.815,0.3,2.2,2.5,2.4,0.3,0.2,1.8,1.7,7.1
206,Marquese Chriss\chrisma01,PF,22,GSW,24,1,17.7,2.5,5.4,.473,0.2,0.8,.211,2.4,4.6,.518,.488,1.8,2.1,.860,1.4,3.3,4.7,1.9,0.7,0.9,1.5,2.0,7.0
207,Dwight Howard\howardw01,C,34,LAL,24,0,20.0,2.8,3.7,.742,0.0,0.1,.333,2.7,3.6,.756,.747,1.5,2.8,.522,2.1,5.0,7.0,0.8,0.4,1.4,1.1,3.7,7.0
208,Abdel Nader\naderab01,SF,26,OKC,16,3,16.4,2.4,4.9,.481,1.0,2.4,.410,1.4,2.5,.550,.582,1.3,1.5,.833,0.3,1.6,1.9,0.6,0.3,0.4,1.0,1.5,7.0
209,Kevin Porter\porteke02,SF,19,CLE,22,1,20.9,2.7,6.5,.413,0.6,2.3,.260,2.1,4.2,.495,.458,1.0,1.4,.733,0.4,2.9,3.2,1.9,0.9,0.2,1.6,2.5,7.0
210,Mason Plumlee\plumlma01,C,29,DEN,21,0,16.7,2.8,4.8,.590,0.0,0.2,.000,2.8,4.6,.615,.590,1.3,2.4,.529,1.8,4.0,5.8,2.3,0.7,0.8,1.5,2.6,6.9
211,Kyle Anderson\anderky01,PF,26,MEM,17,0,20.5,2.8,5.5,.505,0.2,0.9,.250,2.5,4.5,.558,.527,0.9,1.6,.571,0.9,3.5,4.4,2.6,0.7,0.7,0.9,1.7,6.7
212,Dwayne Bacon\bacondw01,SG,24,CHO,19,10,19.7,2.6,8.1,.320,0.5,2.2,.238,2.1,5.8,.351,.353,1.1,1.5,.690,0.4,2.2,2.6,1.3,0.8,0.1,1.0,1.7,6.7
213,Kris Dunn\dunnkr01,PG,25,CHI,25,6,21.7,2.9,6.8,.421,0.4,2.3,.193,2.4,4.6,.535,.453,0.5,0.7,.722,0.6,2.6,3.2,2.9,1.9,0.3,1.0,3.6,6.7
214,Daniel Theis\theisda01,C,27,BOS,19,18,21.5,2.7,5.2,.520,0.3,0.9,.294,2.4,4.3,.568,.546,1.1,1.6,.677,1.5,4.8,6.4,1.4,0.5,1.6,0.9,3.0,6.7
215,Terence Davis\daviste02,SG,22,TOR,23,0,15.7,2.4,4.9,.487,1.1,2.6,.417,1.3,2.3,.566,.597,0.6,0.7,.933,0.6,2.3,3.0,1.9,0.4,0.3,0.8,1.8,6.5
216,Tyler Johnson\johnsty01,SG,27,PHO,19,3,19.2,2.3,5.8,.396,0.9,2.9,.327,1.4,2.9,.464,.477,0.9,1.3,.750,0.3,1.6,1.8,2.2,0.3,0.3,1.0,1.5,6.5
217,Nickeil Alexander-Walker\alexani01,SG,21,NOP,20,0,14.1,2.3,7.1,.326,1.2,3.8,.320,1.1,3.3,.333,.411,0.6,0.8,.688,0.2,2.1,2.3,2.0,0.4,0.1,1.2,1.3,6.4
218,Malik Beasley\beaslma01,SG,23,DEN,17,0,15.9,2.4,6.4,.380,1.2,3.0,.412,1.2,3.4,.351,.477,0.4,0.4,.857,0.3,1.2,1.5,1.1,0.5,0.1,0.9,1.1,6.4
219,Justin Jackson\jacksju01,PF,24,DAL,22,0,14.1,2.5,5.3,.466,1.0,2.6,.397,1.4,2.6,.534,.565,0.5,0.6,.769,0.4,2.1,2.5,0.4,0.2,0.1,0.2,1.0,6.4
220,T.J. McConnell\mccontj01,PG,27,IND,22,0,17.4,3.0,6.1,.481,0.0,0.2,.250,2.9,6.0,.489,.485,0.5,0.5,.909,0.5,2.2,2.7,4.8,0.5,0.2,1.5,1.2,6.4
221,Frank Ntilikina\ntilila01,PG,21,NYK,21,17,25.6,2.4,6.3,.383,0.9,2.6,.352,1.5,3.8,.405,.455,0.6,0.8,.765,0.4,1.8,2.1,3.4,1.3,0.5,1.1,2.6,6.4
222,Marc Gasol\gasolma01,C,35,TOR,23,23,28.8,2.1,6.3,.340,1.2,3.3,.351,1.0,2.9,.328,.434,0.8,1.0,.792,0.7,5.6,6.3,3.5,0.7,1.2,1.3,3.3,6.3
223,Damyean Dotson\dotsoda01,SG,25,NYK,19,0,15.6,2.3,5.6,.411,1.0,3.3,.306,1.3,2.4,.556,.500,0.5,0.7,.769,0.2,1.4,1.6,1.0,0.5,0.2,0.6,0.9,6.2
224,Solomon Hill\hillso01,SF,28,MEM,21,1,20.3,2.3,5.4,.421,1.1,3.0,.387,1.1,2.5,.462,.526,0.5,0.9,.611,0.5,2.7,3.2,1.9,1.1,0.1,0.9,1.6,6.2
225,Tyus Jones\jonesty01,PG,23,MEM,23,5,20.4,2.5,6.5,.383,0.3,1.6,.216,2.1,4.9,.438,.409,0.8,1.1,.720,0.0,1.5,1.5,4.9,0.9,0.1,1.3,0.9,6.1
226,Mike Scott\scottmi01,PF,31,PHI,24,1,18.8,2.3,5.2,.432,1.1,3.3,.346,1.1,2.0,.574,.540,0.5,0.6,.800,0.8,2.6,3.4,0.8,0.3,0.1,0.4,1.6,6.1
227,Yogi Ferrell\ferreyo01,PG,26,SAC,19,0,13.9,2.1,4.7,.449,0.5,1.6,.300,1.6,3.1,.525,.500,1.3,1.5,.862,0.2,1.1,1.3,1.8,0.4,0.1,0.7,0.9,6.0
228,Jakob Pöltl\poeltja01,C,24,SAS,23,7,18.9,2.6,4.4,.594,0.0,0.0,,2.6,4.4,.594,.594,0.8,1.5,.559,2.3,3.7,6.0,1.5,0.6,1.3,0.9,1.8,6.0
229,Cory Joseph\josepco01,PG,28,SAC,23,14,26.3,2.3,6.4,.365,0.5,1.9,.273,1.8,4.5,.404,.405,0.7,0.7,1.000,0.5,2.0,2.6,4.0,0.9,0.5,1.3,2.1,5.9
230,Skal Labissière\labissk01,C,23,POR,24,0,16.6,2.6,4.5,.574,0.1,0.3,.250,2.5,4.2,.600,.583,0.6,0.9,.682,2.0,3.0,5.0,1.1,0.3,1.0,1.0,2.5,5.9
231,Cheick Diallo\diallch01,C,23,PHO,17,0,10.2,2.4,3.5,.695,0.1,0.1,1.000,2.4,3.4,.690,.703,0.9,1.0,.882,0.8,2.2,3.1,0.5,0.1,0.2,0.5,1.2,5.8
232,Royce O'Neale\onealro01,PF,26,UTA,24,22,28.3,2.0,4.4,.467,1.2,2.7,.446,0.8,1.7,.500,.605,0.5,0.6,.857,0.1,4.5,4.6,2.6,0.8,0.3,0.9,3.0,5.8
233,Alex Caruso\carusal01,PG,25,LAL,22,0,20.6,2.2,4.9,.449,0.7,2.1,.348,1.5,2.8,.525,.523,0.6,0.9,.650,0.1,1.9,2.0,2.0,1.1,0.3,1.0,1.6,5.7
234,Pat Connaughton\connapa01,SG,27,MIL,22,0,17.9,2.1,4.4,.490,0.8,2.5,.333,1.3,1.9,.690,.583,0.6,0.8,.765,0.5,3.5,4.0,1.9,0.4,0.5,0.6,1.0,5.7
235,Terrance Ferguson\fergute01,SF,21,OKC,19,19,26.2,2.1,4.8,.424,1.2,3.4,.354,0.8,1.4,.593,.549,0.4,0.5,.778,0.6,1.3,1.9,1.0,0.5,0.3,0.7,3.0,5.7
236,Treveon Graham\grahatr01,SG,26,MIN,22,17,22.0,2.1,6.2,.346,0.6,2.8,.210,1.5,3.4,.459,.393,0.9,1.1,.792,1.0,2.4,3.5,1.0,0.6,0.1,0.6,2.2,5.7
237,Maurice Harkless\harklma01,SF,26,LAC,25,15,23.2,2.3,4.7,.483,0.6,1.6,.366,1.7,3.1,.545,.547,0.5,1.0,.500,1.0,2.5,3.5,1.1,1.0,0.8,0.8,2.8,5.7
238,Meyers Leonard\leoname01,PF,27,MIA,23,23,18.5,2.3,4.0,.582,0.9,1.7,.525,1.4,2.2,.627,.698,0.2,0.4,.556,0.3,4.0,4.3,0.9,0.3,0.4,0.8,2.1,5.7
239,Sviatoslav Mykhailiuk\mykhasv01,SF,22,DET,19,1,17.1,1.9,4.5,.430,1.5,3.3,.460,0.4,1.2,.348,.599,0.3,0.3,.833,0.2,1.0,1.2,1.3,0.4,0.1,0.9,1.2,5.7
240,Sterling Brown\brownst02,SF,24,MIL,16,0,16.5,2.0,4.8,.421,1.0,2.6,.390,1.0,2.2,.457,.526,0.6,0.9,.667,0.7,4.1,4.8,1.4,0.6,0.1,1.0,1.4,5.6
241,Vince Carter\cartevi01,SF,43,ATL,18,0,15.3,2.1,5.7,.373,1.0,3.7,.269,1.1,1.9,.571,.461,0.3,0.4,.750,0.2,1.7,1.9,0.8,0.3,0.3,0.6,1.7,5.6
242,Nicolò Melli\mellini01,C,29,NOP,22,3,15.5,1.9,4.5,.414,1.0,3.0,.328,0.9,1.5,.594,.525,0.9,1.1,.792,0.6,2.0,2.7,1.1,0.6,0.2,0.8,1.9,5.6
243,Trevor Ariza\arizatr01,SF,34,SAC,16,0,22.2,1.8,4.9,.359,1.3,3.8,.350,0.4,1.1,.389,.494,0.6,0.8,.750,0.4,3.4,3.8,1.2,1.0,0.2,0.8,1.7,5.4
244,Marco Belinelli\belinma01,SG,33,SAS,21,0,16.2,1.9,5.9,.315,1.0,3.0,.333,0.9,2.9,.295,.399,0.7,1.0,.714,0.0,1.6,1.7,1.5,0.2,0.0,0.4,0.8,5.4
245,Chris Boucher\bouchch01,PF,27,TOR,20,0,12.0,2.0,4.3,.453,0.5,1.6,.323,1.5,2.8,.527,.512,1.0,1.5,.690,2.0,2.3,4.3,0.5,0.4,0.8,0.4,1.4,5.4
246,Dennis Smith\smithde03,PG,22,NYK,16,1,17.4,2.0,6.3,.320,0.6,1.9,.290,1.4,4.3,.333,.365,0.9,1.6,.560,0.7,1.1,1.8,2.9,0.4,0.3,1.6,2.3,5.4
247,Kenrich Williams\willike04,PF,25,NOP,22,12,25.2,2.0,4.9,.411,1.0,3.1,.309,1.0,1.8,.590,.509,0.4,1.0,.409,1.6,4.2,5.9,1.7,0.9,0.7,0.8,2.6,5.4
248,Taj Gibson\gibsota01,C,34,NYK,21,15,16.4,2.4,4.6,.521,0.1,0.4,.222,2.3,4.1,.552,.531,0.4,0.7,.600,2.0,2.5,4.4,1.2,0.7,0.2,0.7,2.2,5.3
249,Kyle Korver\korveky01,SF,38,MIL,20,0,15.4,1.7,4.7,.362,1.5,4.0,.367,0.3,0.8,.333,.516,0.5,0.6,.818,0.3,1.3,1.6,0.8,0.4,0.2,0.9,1.0,5.3
250,Mo Bamba\bambamo01,C,21,ORL,21,0,15.4,2.1,5.2,.413,0.7,2.0,.366,1.4,3.2,.441,.482,0.2,0.5,.500,1.3,3.9,5.1,0.4,0.3,1.4,1.2,2.2,5.2
251,Marko Guduric\gudurma01,SG,24,MEM,23,0,15.1,2.0,5.0,.388,0.7,2.5,.298,1.2,2.6,.475,.461,0.6,0.7,.867,0.5,1.6,2.0,1.4,0.3,0.2,1.0,1.0,5.2
252,Quinn Cook\cookqu01,PG,26,LAL,20,0,13.4,2.1,4.9,.429,0.6,1.8,.343,1.5,3.2,.476,.490,0.2,0.3,.800,0.2,1.0,1.2,1.5,0.3,0.1,0.8,0.6,5.0
253,Dewayne Dedmon\dedmode01,C,30,SAC,21,4,14.5,2.0,4.9,.408,0.5,2.3,.229,1.5,2.6,.564,.461,0.5,0.6,.846,1.2,2.8,4.0,0.4,0.4,0.5,1.5,2.6,5.0
254,Robin Lopez\lopezro01,C,31,MIL,24,2,14.4,2.0,4.3,.471,0.5,1.8,.310,1.5,2.5,.583,.534,0.4,0.7,.588,1.1,1.7,2.8,0.7,0.2,0.7,1.2,1.8,5.0
255,Patrick Patterson\pattepa01,PF,30,LAC,22,12,14.0,1.6,4.2,.387,1.4,3.3,.411,0.3,0.9,.300,.548,0.4,0.5,.667,0.6,2.1,2.7,0.8,0.2,0.1,0.3,0.9,5.0
256,Džanan Musa\musadz01,SF,20,BRK,18,0,15.4,1.6,5.0,.322,0.4,2.4,.182,1.2,2.6,.457,.367,1.2,1.6,.759,0.4,2.2,2.6,1.3,0.4,0.1,1.2,0.9,4.9
257,Troy Daniels\danietr01,SG,28,LAL,19,0,14.3,1.7,4.7,.367,1.2,3.6,.338,0.5,1.2,.455,.494,0.2,0.2,.750,0.2,1.2,1.4,0.4,0.4,0.1,0.3,0.7,4.8
258,Matisse Thybulle\thybuma01,SG,22,PHI,23,3,16.7,1.6,3.7,.429,1.0,2.2,.440,0.6,1.5,.412,.560,0.7,0.9,.750,0.2,0.8,1.0,1.3,1.5,0.7,1.0,2.3,4.7
259,Gorgui Dieng\dienggo01,C,30,MIN,19,2,12.5,1.8,4.2,.430,0.4,1.4,.296,1.4,2.7,.500,.481,0.6,0.8,.750,0.8,3.2,4.0,1.1,0.7,1.1,0.7,1.4,4.6
260,Daniel Gafford\gaffoda01,C,21,CHI,16,0,10.6,2.0,2.7,.744,0.0,0.0,,2.0,2.7,.744,.744,0.6,1.3,.476,0.9,0.9,1.8,0.1,0.1,0.9,0.1,1.4,4.6
261,Mario Hezonja\hezonma01,PF,24,POR,21,4,17.2,1.6,4.5,.351,0.5,1.5,.323,1.1,3.0,.365,.404,1.0,1.2,.840,0.6,3.8,4.4,1.0,0.6,0.1,0.9,2.2,4.6
262,Nassir Little\littlna01,PF,19,POR,17,3,15.2,1.7,4.2,.408,0.3,1.7,.172,1.4,2.5,.571,.444,0.8,1.2,.650,1.1,2.4,3.5,0.5,0.4,0.4,0.5,2.0,4.5
263,Raul Neto\netora01,PG,27,PHI,21,2,12.3,1.9,3.7,.506,0.7,1.3,.500,1.2,2.3,.510,.597,0.1,0.2,.750,0.1,1.0,1.1,1.6,0.4,0.1,0.9,0.6,4.5
264,Al-Farouq Aminu\aminual01,PF,29,ORL,18,2,21.1,1.4,4.8,.291,0.5,2.0,.250,0.9,2.8,.320,.343,1.1,1.6,.655,1.3,3.5,4.8,1.2,1.0,0.4,0.9,1.5,4.3
265,Tony Bradley\bradlto01,C,22,UTA,18,2,9.1,1.8,3.0,.611,0.0,0.0,,1.8,3.0,.611,.611,0.6,0.9,.688,1.4,2.1,3.5,0.3,0.1,0.4,0.4,1.6,4.3
266,Chris Clemons\clemoch01,SG,22,HOU,16,0,8.4,1.5,3.7,.407,1.1,2.9,.383,0.4,0.8,.500,.559,0.2,0.3,.750,0.1,0.5,0.6,0.4,0.2,0.1,0.4,0.9,4.3
267,Wayne Ellington\ellinwa01,SG,32,NYK,18,1,14.3,1.4,4.5,.321,1.2,3.8,.304,0.3,0.7,.417,.451,0.2,0.3,.667,0.1,1.6,1.6,0.9,0.3,0.1,0.7,1.1,4.3
268,Trey Lyles\lylestr01,PF,24,SAS,23,14,17.3,1.7,3.8,.432,0.8,2.1,.375,0.9,1.7,.500,.534,0.2,0.4,.556,1.4,4.7,6.1,1.3,0.3,0.3,0.8,1.2,4.3
269,Georges Niang\niangge01,PF,26,UTA,18,0,11.5,1.6,3.4,.459,0.8,2.1,.378,0.8,1.3,.583,.574,0.4,0.6,.700,0.1,1.6,1.7,0.5,0.1,0.1,0.6,1.5,4.3
270,David Nwaba\nwabada01,SF,27,BRK,15,0,12.3,1.6,2.9,.558,0.5,1.1,.438,1.1,1.8,.630,.640,0.6,1.1,.563,0.5,1.6,2.1,0.3,0.3,0.6,0.4,1.5,4.3
271,Bruno Fernando\fernabr01,C,21,ATL,23,0,12.0,1.7,3.2,.548,0.2,0.7,.267,1.6,2.5,.621,.575,0.6,1.0,.591,1.2,1.7,2.9,1.0,0.2,0.4,0.9,1.6,4.2
272,T.J. Leaf\leaftj01,PF,22,IND,15,1,10.5,1.7,3.9,.448,0.3,0.7,.455,1.4,3.1,.447,.491,0.3,0.5,.625,1.3,2.5,3.8,0.4,0.5,0.2,0.4,0.9,4.1
273,Lonnie Walker\walkelo01,SG,21,SAS,16,0,8.0,1.7,3.9,.435,0.4,1.0,.375,1.3,2.9,.457,.484,0.3,0.8,.385,0.4,0.9,1.3,0.5,0.3,0.1,0.4,0.7,4.1
274,Ryan Arcidiacono\arcidry01,PG,25,CHI,25,0,15.7,1.3,3.5,.364,0.9,2.2,.393,0.4,1.3,.313,.489,0.6,0.8,.750,0.5,1.1,1.6,1.6,0.5,0.1,0.7,1.9,4.0
275,Darius Bazley\bazleda01,PF,19,OKC,23,1,17.1,1.4,3.7,.388,0.7,1.8,.357,0.8,1.9,.419,.476,0.5,0.8,.611,0.3,3.4,3.8,0.5,0.3,0.4,0.8,1.0,4.0
276,Carsen Edwards\edwarca01,SG,21,BOS,20,0,11.4,1.3,4.1,.317,0.8,2.5,.327,0.5,1.7,.303,.415,0.6,0.7,.846,0.3,1.5,1.8,0.9,0.4,0.1,0.6,1.1,4.0
277,Rodney McGruder\mcgruro01,SG,28,LAC,15,2,17.3,1.5,4.0,.383,0.7,2.3,.314,0.8,1.7,.480,.475,0.2,0.5,.375,0.7,1.7,2.4,0.8,0.3,0.2,0.5,1.7,4.0
278,Goga Bitadze\bitadgo01,C,20,IND,18,2,12.1,1.4,3.2,.456,0.2,0.8,.286,1.2,2.4,.512,.491,0.8,1.1,.737,0.9,2.0,2.9,0.8,0.1,1.1,0.6,1.8,3.9
279,Bruno Caboclo\cabocbr01,SF,24,MEM,15,0,10.7,1.7,3.9,.441,0.3,1.3,.200,1.5,2.6,.564,.475,0.1,0.2,.667,0.9,1.4,2.3,0.5,0.5,0.7,0.5,1.1,3.9
280,Jevon Carter\carteje01,PG,24,PHO,16,2,14.1,1.4,3.4,.400,0.9,2.1,.412,0.5,1.3,.381,.527,0.3,0.3,1.000,0.2,1.5,1.7,1.8,0.8,0.3,0.9,1.5,3.9
281,Elie Okobo\okoboel01,PG,22,PHO,16,0,9.5,1.3,3.3,.404,0.6,1.6,.400,0.7,1.7,.407,.500,0.7,1.3,.524,0.1,0.8,0.9,2.4,0.3,0.0,0.3,0.5,3.9
282,Chris Silva\silvach01,PF,23,MIA,21,0,9.9,1.4,2.1,.659,0.0,0.1,.000,1.4,2.0,.690,.659,1.1,1.6,.706,1.9,2.1,4.0,0.6,0.2,0.7,1.2,2.7,3.9
283,Robert Williams\williro04,C,22,BOS,19,1,14.2,1.7,2.6,.673,0.0,0.0,,1.7,2.6,.673,.673,0.4,0.7,.571,1.2,3.4,4.6,1.1,0.9,1.1,0.8,1.8,3.9
284,Isaac Bonga\bongais01,SF,20,WAS,17,11,15.5,1.5,2.9,.510,0.2,0.8,.308,1.2,2.1,.583,.551,0.6,0.8,.769,0.6,1.9,2.5,1.4,0.6,0.2,0.5,2.1,3.8
285,Mike Muscala\muscami01,C,28,OKC,15,0,11.1,1.2,3.9,.310,0.8,2.9,.273,0.4,0.9,.429,.414,0.5,0.5,.875,0.4,1.9,2.3,0.9,0.3,0.2,0.4,1.3,3.7
286,Jerome Robinson\robinje01,SG,22,LAC,20,0,12.8,1.5,4.4,.333,0.6,2.0,.275,0.9,2.4,.383,.397,0.3,0.5,.500,0.1,1.6,1.7,1.0,0.4,0.4,0.8,1.4,3.7
287,Noah Vonleh\vonleno01,C,24,MIN,16,1,11.3,1.3,2.7,.465,0.1,0.6,.100,1.2,2.1,.576,.477,1.0,1.2,.842,1.1,2.3,3.4,1.0,0.3,0.2,0.8,1.3,3.6
288,Shaquille Harrison\harrish01,SF,26,CHI,15,4,8.9,1.2,3.0,.400,0.2,0.6,.333,1.0,2.4,.417,.433,0.7,1.2,.611,0.3,1.5,1.8,1.3,0.4,0.3,0.4,1.1,3.3
289,Anthony Tolliver\tollian01,PF,34,POR,17,7,16.5,1.0,3.4,.293,0.8,2.7,.283,0.2,0.7,.333,.405,0.5,0.6,.818,0.6,2.5,3.1,0.6,0.2,0.4,0.6,1.4,3.3
290,Thon Maker\makerth01,C,22,DET,22,0,10.5,1.0,2.0,.535,0.3,0.6,.500,0.7,1.3,.552,.616,0.7,1.4,.516,0.5,1.2,1.7,0.4,0.3,0.6,0.5,1.4,3.1
291,Javonte Green\greenja02,SF,26,BOS,16,0,6.9,1.3,2.2,.600,0.2,0.6,.300,1.1,1.6,.720,.643,0.1,0.3,.400,0.2,0.8,0.9,0.3,0.3,0.1,0.2,0.7,2.9
292,Alfonzo McKinnie\mckinal01,SF,27,CLE,17,0,10.3,1.0,2.9,.340,0.5,1.5,.320,0.5,1.5,.360,.420,0.4,0.6,.636,0.6,1.5,2.1,0.2,0.4,0.2,0.5,1.2,2.9
293,Semi Ojeleye\ojelese01,PF,25,BOS,22,1,14.8,1.0,2.4,.423,0.5,1.5,.375,0.5,0.9,.500,.538,0.3,0.5,.700,0.3,1.6,1.9,0.4,0.5,0.0,0.2,1.2,2.9
294,Cody Martin\martico01,SF,24,CHO,17,0,11.3,0.9,2.5,.372,0.1,1.1,.056,0.9,1.5,.600,.384,0.9,1.3,.682,0.5,1.6,2.1,1.1,0.8,0.1,0.4,1.1,2.8
295,Matthew Dellavedova\dellama01,PG,29,CLE,21,0,13.1,0.9,3.1,.277,0.2,1.8,.108,0.7,1.3,.500,.308,0.6,0.6,.923,0.3,1.1,1.4,2.2,0.4,0.0,0.7,1.4,2.5
296,Terance Mann\mannte01,SG,23,LAC,19,3,8.7,1.0,2.1,.487,0.1,0.5,.222,0.9,1.6,.567,.513,0.4,0.4,.875,0.2,1.0,1.2,1.2,0.3,0.1,0.6,1.1,2.5
297,Thabo Sefolosha\sefolth01,PF,35,HOU,19,0,10.6,0.8,2.4,.348,0.4,1.5,.286,0.4,0.9,.444,.435,0.0,0.1,.000,0.6,1.8,2.4,0.8,0.5,0.2,0.3,1.0,2.1
298,Grant Williams\willigr01,PF,21,BOS,21,1,14.3,0.7,2.9,.250,0.0,1.2,.038,0.7,1.6,.412,.258,0.7,0.8,.824,0.7,1.4,2.1,0.9,0.4,0.6,0.8,1.9,2.1
299,Tyson Chandler\chandty01,C,37,HOU,18,4,9.1,0.7,0.9,.765,0.0,0.0,,0.7,0.9,.765,.765,0.3,0.5,.556,1.1,1.7,2.7,0.3,0.3,0.4,0.3,1.3,1.7
300,Jared Dudley\dudleja01,SF,34,LAL,15,0,6.7,0.3,0.7,.455,0.3,0.5,.625,0.0,0.2,.000,.682,0.1,0.1,1.000,0.1,0.7,0.8,0.6,0.3,0.1,0.1,0.5,1.1
